benchmark,cohort,arm,training_seed,case_id,task_id,status,success,steps,invalid_actions,environment_protocol,source,sha256
AndroidWorld,android_sigma_gesture_v1,SIGMA,11,androidworld:CameraTakeVideo:suite42:0:attempt202,CameraTakeVideo,complete,0,30,0,finger_swipe_v1,results/sigma/E06/memory_s11_qwen7b_gesture_v1/episodes/f045bfcf47a93e4e5208/episode.json,579fd862b4ee151ed0d06b77a08a6e5a25b401937778d1a48ddcae7b1eb69c22
AndroidWorld,android_sigma_gesture_v1,SIGMA,11,androidworld:CameraTakeVideo:suite42:0:attempt303,CameraTakeVideo,complete,0,30,0,finger_swipe_v1,results/sigma/E06/memory_s11_qwen7b_gesture_v1/episodes/8ac7cc0f2537b7d1c8c5/episode.json,3c08fc483371bcfea1836341e8b6e9580c41d6e787727185aa43dfeb973a9a79
AndroidWorld,android_sigma_gesture_v1,SIGMA,11,androidworld:ClockStopWatchPausedVerify:suite42:0:attempt101,ClockStopWatchPausedVerify,complete,0,30,0,finger_swipe_v1,results/sigma/E06/memory_s11_qwen7b_gesture_v1/episodes/084c9a23ec8ad51322da/episode.json,28d9f39dae6a53e87c06346d7b1207ea674236908243a3ffd9605cdc44c8b69c
AndroidWorld,android_sigma_gesture_v1,SIGMA,11,androidworld:ClockStopWatchPausedVerify:suite42:0:attempt202,ClockStopWatchPausedVerify,complete,0,30,0,finger_swipe_v1,results/sigma/E06/memory_s11_qwen7b_gesture_v1/episodes/db1098c1c8b357057002/episode.json,b47f0e3329c018afa9b3f247b6c098f73ffe5141bf65337ba36953d9b5ac73cc
AndroidWorld,android_sigma_gesture_v1,SIGMA,11,androidworld:ClockStopWatchPausedVerify:suite42:0:attempt303,ClockStopWatchPausedVerify,complete,0,30,0,finger_swipe_v1,results/sigma/E06/memory_s11_qwen7b_gesture_v1/episodes/26e32009dc39578df232/episode.json,e2e99a04bb95a7c3500e403ee5d99fc843159e684fed89d1f35aebaa6f5a2a12
AndroidWorld,android_sigma_legacy,SIGMA,11,androidworld:AudioRecorderRecordAudio:suite42:0:attempt101,AudioRecorderRecordAudio,complete,0,30,0,native_v1,results/sigma/E06/memory_s11_qwen7b_compat_v2/episodes/ef6124dd446566d3513d/episode.json,4d8d79b62a0a9db25722c08e9f661e4f73d082dd89c55d3b71c3512e363480a4
AndroidWorld,android_sigma_legacy,SIGMA,11,androidworld:AudioRecorderRecordAudio:suite42:0:attempt202,AudioRecorderRecordAudio,complete,0,30,0,native_v1,results/sigma/E06/memory_s11_qwen7b_compat_v2/episodes/e14afd349d20ca31e031/episode.json,6708db0bbfc300be0a2d46e9e871f3e6b9ff9ae5f80ca2b516443eed696d806a
AndroidWorld,android_sigma_legacy,SIGMA,11,androidworld:AudioRecorderRecordAudio:suite42:0:attempt303,AudioRecorderRecordAudio,complete,0,30,0,native_v1,results/sigma/E06/memory_s11_qwen7b_compat_v2/episodes/6fb190687b5bb91ec996/episode.json,8c8faf5adf0c535a6370b6f91e7c295d22312c108987999e7b57ae57027d847d
AndroidWorld,android_sigma_legacy,SIGMA,11,androidworld:AudioRecorderRecordAudioWithFileName:suite42:0:attempt101,AudioRecorderRecordAudioWithFileName,complete,0,30,0,native_v1,results/sigma/E06/memory_s11_qwen7b_compat_v2/episodes/7d858a5776d8e1cbad15/episode.json,a9b5553659fc0b43fd1b2c770d4eec488e5e306fa266aece876d29262bab7656
AndroidWorld,android_sigma_legacy,SIGMA,11,androidworld:AudioRecorderRecordAudioWithFileName:suite42:0:attempt202,AudioRecorderRecordAudioWithFileName,complete,0,30,0,native_v1,results/sigma/E06/memory_s11_qwen7b_compat_v2/episodes/4de8f3f1c79cafe1c8f1/episode.json,b554b7108e39b40f16d9adcd2e8ceeac2fcac48783e66063edae5c46ace417b8
AndroidWorld,android_sigma_legacy,SIGMA,11,androidworld:AudioRecorderRecordAudioWithFileName:suite42:0:attempt303,AudioRecorderRecordAudioWithFileName,complete,0,30,0,native_v1,results/sigma/E06/memory_s11_qwen7b_compat_v2/episodes/126a3afa753cdab88be2/episode.json,d7e3684147597259aa43ffe3465547b3c2d0a239fa8bc9dea01b6ec77e72d3d3
AndroidWorld,android_sigma_legacy,SIGMA,11,androidworld:BrowserDraw:suite42:0:attempt101,BrowserDraw,complete,0,30,0,native_v1,results/sigma/E06/memory_s11_qwen7b_compat_v2/episodes/acb013d1e7b906d66fdd/episode.json,f6e497a7c5878d6acdd31ea923a4ef6ce2e9abc6b50df1c2f085cf2f40070c29
AndroidWorld,android_sigma_legacy,SIGMA,11,androidworld:BrowserDraw:suite42:0:attempt202,BrowserDraw,complete,0,30,0,native_v1,results/sigma/E06/memory_s11_qwen7b_compat_v2/episodes/191bb36ad143f20fd206/episode.json,067860a66089edc43b077b5395432bcbb51bd3e80e677f30a0aec7a22e8a37c5
AndroidWorld,android_sigma_legacy,SIGMA,11,androidworld:BrowserDraw:suite42:0:attempt303,BrowserDraw,complete,0,30,0,native_v1,results/sigma/E06/memory_s11_qwen7b_compat_v2/episodes/d33e4ff799d8d420b62b/episode.json,3d57bb30dbf44d7901e3062b94291f23083be002790c8394718d0e11e0257378
AndroidWorld,android_sigma_legacy,SIGMA,11,androidworld:BrowserMaze:suite42:0:attempt101,BrowserMaze,complete,0,30,0,native_v1,results/sigma/E06/memory_s11_qwen7b_compat_v2/episodes/6992e6d55873fc586183/episode.json,21460e5a0572051862066ed0a86641938bc5e4f81b080d1222e3d8f08ea4e614
AndroidWorld,android_sigma_legacy,SIGMA,11,androidworld:BrowserMaze:suite42:0:attempt202,BrowserMaze,complete,0,30,0,native_v1,results/sigma/E06/memory_s11_qwen7b_compat_v2/episodes/2f3ddea8ffa2944670b6/episode.json,5ffc076f50164d89dd5d273e74f5fb0e16b9b55c19ce9878bbb000bdc1d4cae7
AndroidWorld,android_sigma_legacy,SIGMA,11,androidworld:BrowserMaze:suite42:0:attempt303,BrowserMaze,complete,0,30,0,native_v1,results/sigma/E06/memory_s11_qwen7b_compat_v2/episodes/dda7ee929798895e87c7/episode.json,3d69bdee4f673cdcd3b2c77d494f8265da9a3408baae74ccb13e741bd2dcdfd6
AndroidWorld,android_sigma_legacy,SIGMA,11,androidworld:BrowserMultiply:suite42:0:attempt101,BrowserMultiply,complete,0,30,0,native_v1,results/sigma/E06/memory_s11_qwen7b_compat_v2/episodes/f96fd85d4571595a27da/episode.json,6d2ccfe1bbea493c9bffedf3df54c14a1af6cffb812680394ce34bc6e1878dcf
AndroidWorld,android_sigma_legacy,SIGMA,11,androidworld:BrowserMultiply:suite42:0:attempt202,BrowserMultiply,complete,0,30,0,native_v1,results/sigma/E06/memory_s11_qwen7b_compat_v2/episodes/350a27494e4ceb810a12/episode.json,a934a7602d7b4ad648bdf8c1a53e12cbaffb61f84e838d16e7706b954e60d451
AndroidWorld,android_sigma_legacy,SIGMA,11,androidworld:BrowserMultiply:suite42:0:attempt303,BrowserMultiply,complete,0,30,0,native_v1,results/sigma/E06/memory_s11_qwen7b_compat_v2/episodes/f1169087c0520497862a/episode.json,3e5497b478b9799aaac6a0665195882c0e9aa48403feffd95ad3b3ac122fd134
AndroidWorld,android_sigma_legacy,SIGMA,11,androidworld:CameraTakePhoto:suite42:0:attempt101,CameraTakePhoto,complete,0,30,0,native_v1,results/sigma/E06/memory_s11_qwen7b_compat_v2/episodes/4ed833a9a82c72ffe1f2/episode.json,5d90e6c74991985235ced62cd92a1f7f322015addda8ee1a2c4a90c9e2c47304
AndroidWorld,android_sigma_legacy,SIGMA,11,androidworld:CameraTakePhoto:suite42:0:attempt202,CameraTakePhoto,complete,0,30,0,native_v1,results/sigma/E06/memory_s11_qwen7b_compat_v2/episodes/ad46b68b4f302d38551b/episode.json,9e5649e6bc2dee3a5c8dafc0aa6e6ca16d1c2cb68f6f22768e5431a3c0a98868
AndroidWorld,android_sigma_legacy,SIGMA,11,androidworld:CameraTakePhoto:suite42:0:attempt303,CameraTakePhoto,complete,0,30,0,native_v1,results/sigma/E06/memory_s11_qwen7b_compat_v2/episodes/f91a36d47e23929509eb/episode.json,b00caa05a1ce6caba351d6dba1142722ce752c33b76c82fae5c62db04feb08c7
MemGUI,memgui_sigma_seed11,SIGMA,11,memgui:001-FindProductAndFilter:attempt101,001-FindProductAndFilter,raw_terminal_judgment,0,,,legacy_snapshot_clock,results/sigma/E05/memory_s11_qwen7b_compat_v3/attempt_101/official_logs/_memgui_eval/001-FindProductAndFilter/sigma_history/attempt_1/final_decision.json,3ac7971c571cce65486f0ef89024fe40f1d040603a088f5c5627e93d7e9912e6
MemGUI,memgui_sigma_seed11,SIGMA,11,memgui:002-FindProductAndFilter:attempt101,002-FindProductAndFilter,raw_terminal_judgment,0,,,legacy_snapshot_clock,results/sigma/E05/memory_s11_qwen7b_compat_v3/attempt_101/official_logs/_memgui_eval/002-FindProductAndFilter/sigma_history/attempt_1/final_decision.json,ad713a64ad5831822d0f8f7e037c3fc534c77207f291e3e3aed33e2ef28f6f67
MemGUI,memgui_sigma_seed11,SIGMA,11,memgui:003-RecordAndNameAudio:attempt101,003-RecordAndNameAudio,raw_terminal_judgment,0,,,legacy_snapshot_clock,results/sigma/E05/memory_s11_qwen7b_compat_v3/attempt_101/official_logs/_memgui_eval/003-RecordAndNameAudio/sigma_history/attempt_1/final_decision.json,ece819561ebe5a9f7c9945987befefe4d93db8adbcf6cdb2a911fcfd5ac72fe0
MemGUI,memgui_sigma_seed11,SIGMA,11,memgui:004-ConfigureRecordAndNameAudio:attempt101,004-ConfigureRecordAndNameAudio,raw_terminal_judgment,0,,,legacy_snapshot_clock,results/sigma/E05/memory_s11_qwen7b_compat_v3/attempt_101/official_logs/_memgui_eval/004-ConfigureRecordAndNameAudio/sigma_history/attempt_1/final_decision.json,ed4793f83cb344944189ff6b9b13206e0e7817b4a68eedd0025c644f8eb9f927
MemGUI,memgui_sigma_seed11,SIGMA,11,memgui:005-SearchSportsScores:attempt101,005-SearchSportsScores,raw_terminal_judgment,0,,,legacy_snapshot_clock,results/sigma/E05/memory_s11_qwen7b_compat_v3/attempt_101/official_logs/_memgui_eval/005-SearchSportsScores/sigma_history/attempt_1/final_decision.json,c55da125d5b2cd3a39977c0c9808ef97199583d9a907c4c7cfe5b85971d70710
MemGUI,memgui_sigma_seed11,SIGMA,11,memgui:006-SearchSportsScores:attempt101,006-SearchSportsScores,raw_terminal_judgment,0,,,legacy_snapshot_clock,results/sigma/E05/memory_s11_qwen7b_compat_v3/attempt_101/official_logs/_memgui_eval/006-SearchSportsScores/sigma_history/attempt_1/final_decision.json,45d2c3e7ff5906d367899a506db4eb7c734234b2834e7c35705c6c342298706f
MemGUI,memgui_sigma_seed11,SIGMA,11,memgui:007-AddDetailedTransaction:attempt101,007-AddDetailedTransaction,raw_terminal_judgment,0,,,legacy_snapshot_clock,results/sigma/E05/memory_s11_qwen7b_compat_v3/attempt_101/official_logs/_memgui_eval/007-AddDetailedTransaction/sigma_history/attempt_1/final_decision.json,fce8e107d855adeca78c0dcf5b1a1b7ccb6c560b53856921e2a5d40a483983df
MemGUI,memgui_sigma_seed11,SIGMA,11,memgui:008-AddDetailedTransaction:attempt101,008-AddDetailedTransaction,raw_terminal_judgment,0,,,legacy_snapshot_clock,results/sigma/E05/memory_s11_qwen7b_compat_v3/attempt_101/official_logs/_memgui_eval/008-AddDetailedTransaction/sigma_history/attempt_1/final_decision.json,3cec46cc3fad84a5fdf392f1bd4261989674eb7911b1b34e634b0564d293b37e
MemGUI,memgui_sigma_seed11,SIGMA,11,memgui:009-MultiClockFunctions:attempt101,009-MultiClockFunctions,raw_terminal_judgment,0,,,legacy_snapshot_clock,results/sigma/E05/memory_s11_qwen7b_compat_v3/attempt_101/official_logs/_memgui_eval/009-MultiClockFunctions/sigma_history/attempt_1/final_decision.json,8fd5dd9afebd318e8c60ee3a1d7a1c83ff894cc54e1f55debfbb33bd4c809aa6
MemGUI,memgui_sigma_seed11,SIGMA,11,memgui:010-SetTimersAndManageWorldClock:attempt101,010-SetTimersAndManageWorldClock,raw_terminal_judgment,0,,,legacy_snapshot_clock,results/sigma/E05/memory_s11_qwen7b_compat_v3/attempt_101/official_logs/_memgui_eval/010-SetTimersAndManageWorldClock/sigma_history/attempt_1/final_decision.json,0b951f6adf7748837b5056c597ddadfd9bd51b49b6a534a18c6194fd5d744199
MemGUI,memgui_sigma_seed11,SIGMA,11,memgui:011-SetMeetingAlarmByWorldClock:attempt101,011-SetMeetingAlarmByWorldClock,raw_terminal_judgment,0,,,legacy_snapshot_clock,results/sigma/E05/memory_s11_qwen7b_compat_v3/attempt_101/official_logs/_memgui_eval/011-SetMeetingAlarmByWorldClock/sigma_history/attempt_1/final_decision.json,90ff30929812bb282515557bf9e04676f3b670d02c8741aeb6e70ead6522c01e
MemGUI,memgui_sigma_seed11,SIGMA,11,memgui:012-SetMeetingAlarmByWorldClock:attempt101,012-SetMeetingAlarmByWorldClock,raw_terminal_judgment,0,,,legacy_snapshot_clock,results/sigma/E05/memory_s11_qwen7b_compat_v3/attempt_101/official_logs/_memgui_eval/012-SetMeetingAlarmByWorldClock/sigma_history/attempt_1/final_decision.json,42226fad9ec9f7f11f0778a455a63984b6b26040077b96e6fc90a721b0d442d9
MemGUI,memgui_sigma_seed11,SIGMA,11,memgui:013-CompareCourseInfo:attempt101,013-CompareCourseInfo,raw_terminal_judgment,0,,,legacy_snapshot_clock,results/sigma/E05/memory_s11_qwen7b_compat_v3/attempt_101/official_logs/_memgui_eval/013-CompareCourseInfo/sigma_history/attempt_1/final_decision.json,9ed38c30130fc820494c942d63fb29d5b5f55336b0354484b728e3f5254f8c47
MemGUI,memgui_sigma_seed11,SIGMA,11,memgui:014-CompareCourseInfo:attempt101,014-CompareCourseInfo,raw_terminal_judgment,0,,,legacy_snapshot_clock,results/sigma/E05/memory_s11_qwen7b_compat_v3/attempt_101/official_logs/_memgui_eval/014-CompareCourseInfo/sigma_history/attempt_1/final_decision.json,dd6bd4333ff4924a7773e48b97a73331c86851fb9cc184e2531475e4286fea5f
MemGUI,memgui_sigma_seed11,SIGMA,11,memgui:015-CreateSimpleNote:attempt101,015-CreateSimpleNote,raw_terminal_judgment,0,,,legacy_snapshot_clock,results/sigma/E05/memory_s11_qwen7b_compat_v3/attempt_101/official_logs/_memgui_eval/015-CreateSimpleNote/sigma_history/attempt_1/final_decision.json,091df71f45ce5e0185fa64f14f9272deb428291371a215953bf1db7fd492e429
MemGUI,memgui_sigma_seed11,SIGMA,11,memgui:016-CreateSimpleNote:attempt101,016-CreateSimpleNote,raw_terminal_judgment,0,,,legacy_snapshot_clock,results/sigma/E05/memory_s11_qwen7b_compat_v3/attempt_101/official_logs/_memgui_eval/016-CreateSimpleNote/sigma_history/attempt_1/final_decision.json,3895d856439a9e6bb0f3bb7383e42dde7518f9938fc804f632b70207861ad3b7
MemGUI,memgui_sigma_seed11,SIGMA,11,memgui:017-SearchAndCompareRatings:attempt101,017-SearchAndCompareRatings,raw_terminal_judgment,0,,,legacy_snapshot_clock,results/sigma/E05/memory_s11_qwen7b_compat_v3/attempt_101/official_logs/_memgui_eval/017-SearchAndCompareRatings/sigma_history/attempt_1/final_decision.json,0bd7dc46ef27ab36b2ca441982dc283d536e794c65a77f5bf86aaa0148691a6f
MemGUI,memgui_sigma_seed11,SIGMA,11,memgui:018-SearchAndCompareRatings:attempt101,018-SearchAndCompareRatings,raw_terminal_judgment,0,,,legacy_snapshot_clock,results/sigma/E05/memory_s11_qwen7b_compat_v3/attempt_101/official_logs/_memgui_eval/018-SearchAndCompareRatings/sigma_history/attempt_1/final_decision.json,94d66cb2b4540fc293b12f038d8e8b2a5abd6f0b3004ecaf6c7b987f00901efe
MemGUI,memgui_sigma_seed11,SIGMA,11,memgui:019-NavigateAndCompareItems:attempt101,019-NavigateAndCompareItems,raw_terminal_judgment,0,,,legacy_snapshot_clock,results/sigma/E05/memory_s11_qwen7b_compat_v3/attempt_101/official_logs/_memgui_eval/019-NavigateAndCompareItems/sigma_history/attempt_1/final_decision.json,5cd348c3c59cc3c8ffbcf47e4b41560041733d41df3ecb634ceb08de3d9ec85c
MemGUI,memgui_sigma_seed11,SIGMA,11,memgui:020-NavigateAndCompareItems:attempt101,020-NavigateAndCompareItems,raw_terminal_judgment,0,,,legacy_snapshot_clock,results/sigma/E05/memory_s11_qwen7b_compat_v3/attempt_101/official_logs/_memgui_eval/020-NavigateAndCompareItems/sigma_history/attempt_1/final_decision.json,d49768746e086352b651b48c98520f2df9f28ba2c143f72aa9b96527a8d8fe16
MemGUI,memgui_sigma_seed11,SIGMA,11,memgui:021-NavigateAndComparePrices:attempt101,021-NavigateAndComparePrices,raw_terminal_judgment,0,,,legacy_snapshot_clock,results/sigma/E05/memory_s11_qwen7b_compat_v3/attempt_101/official_logs/_memgui_eval/021-NavigateAndComparePrices/sigma_history/attempt_1/final_decision.json,c92350630f4cf861075789a65a15bbec632ef553a6f042b9f357f96dae0c8916
MemGUI,memgui_ce_seed11,CE,11,memgui:001-FindProductAndFilter:attempt101,001-FindProductAndFilter,raw_terminal_judgment,0,,,legacy_snapshot_clock,results/sigma/E05/ce_s11_qwen7b_gpu2_parallel_v1/attempt_101/official_logs/_memgui_eval/001-FindProductAndFilter/sigma_history/attempt_1/final_decision.json,19e81b8e2bb0a37137db5eeaab64854fed33b8ef79f12b26d7c5e56a97493597
MemGUI,memgui_ce_seed11,CE,11,memgui:002-FindProductAndFilter:attempt101,002-FindProductAndFilter,raw_terminal_judgment,0,,,legacy_snapshot_clock,results/sigma/E05/ce_s11_qwen7b_gpu2_parallel_v1/attempt_101/official_logs/_memgui_eval/002-FindProductAndFilter/sigma_history/attempt_1/final_decision.json,442491f7dc03824a092ffe81af6abba953acb0ad507f33216bac5a76545b6354
MemGUI,memgui_ce_seed11,CE,11,memgui:003-RecordAndNameAudio:attempt101,003-RecordAndNameAudio,raw_terminal_judgment,0,,,legacy_snapshot_clock,results/sigma/E05/ce_s11_qwen7b_gpu2_parallel_v1/attempt_101/official_logs/_memgui_eval/003-RecordAndNameAudio/sigma_history/attempt_1/final_decision.json,264acaf10894d12925e0d191984e3ff220666a79fbdce7a04150e50a60be3e08
MemGUI,memgui_ce_seed11,CE,11,memgui:004-ConfigureRecordAndNameAudio:attempt101,004-ConfigureRecordAndNameAudio,raw_terminal_judgment,0,,,legacy_snapshot_clock,results/sigma/E05/ce_s11_qwen7b_gpu2_parallel_v1/attempt_101/official_logs/_memgui_eval/004-ConfigureRecordAndNameAudio/sigma_history/attempt_1/final_decision.json,27539a1d7c767177eb21739d02017e2379c9c8fb35329ea0c1cfcb93372f8ae7
MemGUI,memgui_ce_seed11,CE,11,memgui:005-SearchSportsScores:attempt101,005-SearchSportsScores,raw_terminal_judgment,0,,,legacy_snapshot_clock,results/sigma/E05/ce_s11_qwen7b_gpu2_parallel_v1/attempt_101/official_logs/_memgui_eval/005-SearchSportsScores/sigma_history/attempt_1/final_decision.json,38fda53e3bf2b48a2cb3c50e151c894ec9f3a27ad6740f0c690bd35afd81a3ee
MemGUI,memgui_ce_seed11,CE,11,memgui:006-SearchSportsScores:attempt101,006-SearchSportsScores,raw_terminal_judgment,0,,,legacy_snapshot_clock,results/sigma/E05/ce_s11_qwen7b_gpu2_parallel_v1/attempt_101/official_logs/_memgui_eval/006-SearchSportsScores/sigma_history/attempt_1/final_decision.json,c40eef82800ce7ac3f6e48b14f0cdc5bb55dcffad41d2e7d4e47976a99124925
MemGUI,memgui_ce_seed11,CE,11,memgui:007-AddDetailedTransaction:attempt101,007-AddDetailedTransaction,raw_terminal_judgment,0,,,legacy_snapshot_clock,results/sigma/E05/ce_s11_qwen7b_gpu2_parallel_v1/attempt_101/official_logs/_memgui_eval/007-AddDetailedTransaction/sigma_history/attempt_1/final_decision.json,eaa68a0480864dcbedd11887151d18ca8f762b3fd9044f79fabd7aab1d1ea511
MemGUI,memgui_ce_seed11,CE,11,memgui:008-AddDetailedTransaction:attempt101,008-AddDetailedTransaction,raw_terminal_judgment,0,,,legacy_snapshot_clock,results/sigma/E05/ce_s11_qwen7b_gpu2_parallel_v1/attempt_101/official_logs/_memgui_eval/008-AddDetailedTransaction/sigma_history/attempt_1/final_decision.json,bb12e4a6497cb43a9623f747d6c6cf98e5c03574862c2e45129e258eee2d0984
MemGUI,memgui_ce_seed11,CE,11,memgui:009-MultiClockFunctions:attempt101,009-MultiClockFunctions,raw_terminal_judgment,0,,,legacy_snapshot_clock,results/sigma/E05/ce_s11_qwen7b_gpu2_parallel_v1/attempt_101/official_logs/_memgui_eval/009-MultiClockFunctions/sigma_history/attempt_1/final_decision.json,769ca50c00e0bd748178a0b6e4305aa16ceee8df560beac3b6b304ddb8fd6a28
MemGUI,memgui_ce_seed11,CE,11,memgui:010-SetTimersAndManageWorldClock:attempt101,010-SetTimersAndManageWorldClock,raw_terminal_judgment,0,,,legacy_snapshot_clock,results/sigma/E05/ce_s11_qwen7b_gpu2_parallel_v1/attempt_101/official_logs/_memgui_eval/010-SetTimersAndManageWorldClock/sigma_history/attempt_1/final_decision.json,515e260b3531b2d7b5f54dca10503332e32f5db4bb704609ff08aba3b5a08d6d
MemGUI,memgui_ce_seed11,CE,11,memgui:011-SetMeetingAlarmByWorldClock:attempt101,011-SetMeetingAlarmByWorldClock,raw_terminal_judgment,0,,,legacy_snapshot_clock,results/sigma/E05/ce_s11_qwen7b_gpu2_parallel_v1/attempt_101/official_logs/_memgui_eval/011-SetMeetingAlarmByWorldClock/sigma_history/attempt_1/final_decision.json,9ba603b4c1bf3ba57f78a6784281d55f337a112f3d2cd30b4ab4b5b6139144ee
MemGUI,memgui_ce_seed11,CE,11,memgui:012-SetMeetingAlarmByWorldClock:attempt101,012-SetMeetingAlarmByWorldClock,raw_terminal_judgment,0,,,legacy_snapshot_clock,results/sigma/E05/ce_s11_qwen7b_gpu2_parallel_v1/attempt_101/official_logs/_memgui_eval/012-SetMeetingAlarmByWorldClock/sigma_history/attempt_1/final_decision.json,3520557698f4655c599f2280782a28fe158efaa2386552e1d58a37c010ab82aa
MemGUI,memgui_ce_seed11,CE,11,memgui:013-CompareCourseInfo:attempt101,013-CompareCourseInfo,raw_terminal_judgment,0,,,legacy_snapshot_clock,results/sigma/E05/ce_s11_qwen7b_gpu2_parallel_v1/attempt_101/official_logs/_memgui_eval/013-CompareCourseInfo/sigma_history/attempt_1/final_decision.json,3056f0bdb3fc87de973aaf14cd7389b15f38bc60c89f6d681ea8d62612266d1f
MemGUI,memgui_ce_seed11,CE,11,memgui:014-CompareCourseInfo:attempt101,014-CompareCourseInfo,raw_terminal_judgment,0,,,legacy_snapshot_clock,results/sigma/E05/ce_s11_qwen7b_gpu2_parallel_v1/attempt_101/official_logs/_memgui_eval/014-CompareCourseInfo/sigma_history/attempt_1/final_decision.json,25fcd30ceb3d695f7d31594127cfe032fe8d87e24683d831dadcd0ef15aeb399
MemGUI,memgui_ce_seed11,CE,11,memgui:015-CreateSimpleNote:attempt101,015-CreateSimpleNote,raw_terminal_judgment,1,,,legacy_snapshot_clock,results/sigma/E05/ce_s11_qwen7b_gpu2_parallel_v1/attempt_101/official_logs/_memgui_eval/015-CreateSimpleNote/sigma_history/attempt_1/final_decision.json,42e6cb3fff82f0d63af0135fd8e72bf118c0f636ad8716fb0e11358db761bb4c
MemGUI,memgui_ce_seed11,CE,11,memgui:016-CreateSimpleNote:attempt101,016-CreateSimpleNote,raw_terminal_judgment,0,,,legacy_snapshot_clock,results/sigma/E05/ce_s11_qwen7b_gpu2_parallel_v1/attempt_101/official_logs/_memgui_eval/016-CreateSimpleNote/sigma_history/attempt_1/final_decision.json,9c84f69ebafe49888151099755947ebebfb36a624284fba20956ed110d41b38e
MemGUI,memgui_ce_seed11,CE,11,memgui:017-SearchAndCompareRatings:attempt101,017-SearchAndCompareRatings,raw_terminal_judgment,0,,,legacy_snapshot_clock,results/sigma/E05/ce_s11_qwen7b_gpu2_parallel_v1/attempt_101/official_logs/_memgui_eval/017-SearchAndCompareRatings/sigma_history/attempt_1/final_decision.json,142aeef596f569dc30eaf882b29ac1c27b0954ae372750774e2d71a31594450b
MemGUI,memgui_ce_seed11,CE,11,memgui:018-SearchAndCompareRatings:attempt101,018-SearchAndCompareRatings,raw_terminal_judgment,0,,,legacy_snapshot_clock,results/sigma/E05/ce_s11_qwen7b_gpu2_parallel_v1/attempt_101/official_logs/_memgui_eval/018-SearchAndCompareRatings/sigma_history/attempt_1/final_decision.json,1f2799c0b2aeeec47db5a425c5ad1c861427b6fe90a259ee8ebc8ee12c0cb42b
MemGUI,memgui_ce_seed11,CE,11,memgui:019-NavigateAndCompareItems:attempt101,019-NavigateAndCompareItems,raw_terminal_judgment,0,,,legacy_snapshot_clock,results/sigma/E05/ce_s11_qwen7b_gpu2_parallel_v1/attempt_101/official_logs/_memgui_eval/019-NavigateAndCompareItems/sigma_history/attempt_1/final_decision.json,42d84d5691ea1fa02149d862b36f123a187015ced7a14977f92389c8cd899797
MemGUI,memgui_ce_seed11,CE,11,memgui:020-NavigateAndCompareItems:attempt101,020-NavigateAndCompareItems,raw_terminal_judgment,0,,,legacy_snapshot_clock,results/sigma/E05/ce_s11_qwen7b_gpu2_parallel_v1/attempt_101/official_logs/_memgui_eval/020-NavigateAndCompareItems/sigma_history/attempt_1/final_decision.json,596983e75e1872a4032241a9e15907bcb079a920a8d6f8e79f14ac07b1e2f4d1
MemGUI,memgui_ce_seed11,CE,11,memgui:021-NavigateAndComparePrices:attempt101,021-NavigateAndComparePrices,raw_terminal_judgment,0,,,legacy_snapshot_clock,results/sigma/E05/ce_s11_qwen7b_gpu2_parallel_v1/attempt_101/official_logs/_memgui_eval/021-NavigateAndComparePrices/sigma_history/attempt_1/final_decision.json,66fabe8bd7bf39b0ea4a14a8946ec9035dbac1fa39d1f165650a6eaecd9c9b7a
AndroidWorld,android_sigma_legacy,SIGMA,11,androidworld:CameraTakeVideo:suite42:0:attempt101,CameraTakeVideo,complete,0,30,0,native_v1,results/sigma/E06/memory_s11_qwen7b_compat_v2/episodes/5c4cab428f6d292f684e/episode.json,650c4815cbd54648e890e16970417635b0eb757c1a60856adbbdc67a603aff94
